"Date","Net Asset Value(TZS)","Outstanding Number of Units","Nav Per Unit(TZS)","Sale Price per Unit(TZS)","Repurchase Price/Unit(TZS)"
"2026-03-27","68,976,260,674.02","480,510,356.0092","143.5479","143.5479","143.5479"
"2026-03-26","68,859,602,450.43","480,193,104.5605","143.3998","143.3998","143.3998"
"2026-03-25","68,588,745,357.07","478,801,204.0941","143.2510","143.2510","143.2510"
"2026-03-24","67,420,125,355.34","471,141,184.5852","143.0996","143.0996","143.0996"
"2026-03-23","67,169,254,030.69","469,890,255.1913","142.9467","142.9467","142.9467"
"2026-03-20","66,545,504,927.26","466,232,841.3353","142.7302","142.7302","142.7302"
"2026-03-19","66,319,531,578.62","464,885,359.4665","142.6578","142.6578","142.6578"
"2026-03-18","66,262,287,773.52","464,716,388.7674","142.5865","142.5865","142.5865"
"2026-03-17","66,168,071,974.46","464,290,019.3428","142.5145","142.5145","142.5145"
"2026-03-16","66,081,551,500.73","463,921,457.2500","142.4412","142.4412","142.4412"
"2026-03-13","65,687,949,473.71","461,863,114.4288","142.2238","142.2238","142.2238"
"2026-03-12","65,638,161,550.04","461,707,162.5051","142.1641","142.1641","142.1641"
"2026-03-11","65,549,150,190.39","461,275,284.2602","142.1042","142.1042","142.1042"
"2026-03-10","65,051,444,428.63","457,967,454.5807","142.0438","142.0438","142.0438"
"2026-03-09","64,943,792,455.68","457,407,432.3550","141.9824","141.9824","141.9824"
"2026-03-06","64,771,332,733.51","456,774,177.5610","141.8017","141.8017","141.8017"
"2026-03-05","64,680,099,162.04","456,326,137.6239","141.7409","141.7409","141.7409"
"2026-03-04","64,530,333,193.40","455,375,975.8849","141.7078","141.7078","141.7078"
"2026-03-03","64,379,904,168.26","454,418,969.4985","141.6752","141.6752","141.6752"
"2026-03-02","64,386,501,838.26","454,573,282.9499","141.6416","141.6416","141.6416"
"2026-02-27","64,006,508,809.08","452,216,050.4294","141.5397","141.5397","141.5397"
"2026-02-26","63,923,332,080.33","451,747,772.9182","141.5023","141.5023","141.5023"
"2026-02-25","63,857,225,757.64","451,400,639.5975","141.4646","141.4646","141.4646"
"2026-02-24","63,845,074,134.78","451,444,184.7221","141.4241","141.4241","141.4241"
"2026-02-23","63,741,861,128.82","450,831,627.5199","141.3873","141.3873","141.3873"
"2026-02-20","63,613,412,167.31","450,275,180.0521","141.2767","141.2767","141.2767"
"2026-02-19","63,666,382,634.74","450,767,879.0611","141.2398","141.2398","141.2398"
"2026-02-18","63,633,956,368.81","450,658,048.2599","141.2023","141.2023","141.2023"
"2026-02-17","63,561,904,012.14","450,266,428.7255","141.1651","141.1651","141.1651"
"2026-02-16","63,688,222,325.71","451,284,678.4015","141.1265","141.1265","141.1265"
"2026-02-13","63,486,796,833.25","450,215,715.8501","141.0142","141.0142","141.0142"
"2026-02-12","63,235,996,027.49","448,556,465.8619","140.9767","140.9767","140.9767"
"2026-02-11","63,113,737,516.50","447,811,507.1772","140.9382","140.9382","140.9382"
"2026-02-10","63,014,351,122.68","447,232,070.0348","140.8986","140.8986","140.8986"
"2026-02-09","62,997,461,178.33","447,231,514.5679","140.8610","140.8610","140.8610"
"2026-02-06","62,763,939,970.79","445,933,702.3346","140.7472","140.7472","140.7472"
"2026-02-05","62,709,118,742.07","445,667,392.9428","140.7083","140.7083","140.7083"
"2026-02-04","62,498,743,001.32","444,294,029.9017","140.6698","140.6698","140.6698"
"2026-02-03","62,541,908,175.50","444,721,305.6434","140.6317","140.6317","140.6317"
"2026-02-02","62,437,321,130.92","444,103,683.1088","140.5918","140.5918","140.5918"
"2026-01-30","62,450,288,669.30","444,589,227.9370","140.4674","140.4674","140.4674"
"2026-01-29","62,435,158,956.57","444,633,619.2426","140.4193","140.4193","140.4193"
"2026-01-28","62,412,741,890.31","444,622,586.3720","140.3724","140.3724","140.3724"
"2026-01-27","62,409,073,811.29","444,750,231.0847","140.3239","140.3239","140.3239"
"2026-01-26","62,247,134,405.87","443,745,677.4817","140.2766","140.2766","140.2766"
"2026-01-23","62,207,530,921.57","443,911,744.7307","140.1349","140.1349","140.1349"
"2026-01-22","62,083,451,487.02","443,179,464.2770","140.0865","140.0865","140.0865"
"2026-01-21","61,987,701,418.13","442,644,371.3702","140.0395","140.0395","140.0395"
"2026-01-20","61,995,492,049.12","442,848,389.9573","139.9926","139.9926","139.9926"
"2026-01-19","61,853,638,096.89","441,989,118.1585","139.9438","139.9438","139.9438"
"2026-01-16","61,784,438,946.55","441,915,453.5533","139.8105","139.8105","139.8105"
"2026-01-15","61,648,231,456.55","441,075,800.9732","139.7679","139.7679","139.7679"
"2026-01-14","61,593,393,849.89","440,827,903.5039","139.7221","139.7221","139.7221"
"2026-01-13","61,552,268,152.46","440,657,266.5713","139.6829","139.6829","139.6829"
"2026-01-09","61,326,482,476.04","439,538,173.4112","139.5248","139.5248","139.5248"
"2026-01-08","61,302,414,888.61","439,489,875.2490","139.4854","139.4854","139.4854"
"2026-01-07","61,326,748,134.17","439,790,358.9720","139.4454","139.4454","139.4454"
"2026-01-06","61,246,301,960.91","439,342,625.4561","139.4044","139.4044","139.4044"
"2026-01-05","56,808,677,848.48","407,593,905.9809","139.3757","139.3757","139.3757"
"2026-01-02","51,460,045,317.94","369,481,807.1969","139.2763","139.2763","139.2763"
"2026-01-01","51,403,368,004.09","369,160,681.0657","139.2439","139.2439","139.2439"
"2025-12-31","51,360,152,055.76","368,939,605.4871","139.2102","139.2102","139.2102"
"2025-12-30","51,211,054,451.98","367,954,813.5907","139.1776","139.1776","139.1776"
"2025-12-29","51,306,357,079.44","368,736,175.3160","139.1411","139.1411","139.1411"
"2025-12-24","51,113,018,666.58","367,778,740.5129","138.9776","138.9776","138.9776"
"2025-12-23","51,007,161,236.12","367,108,875.0447","138.9429","138.9429","138.9429"
"2025-12-22","50,953,135,218.58","366,807,045.8490","138.9099","138.9099","138.9099"
"2025-12-19","50,806,842,898.85","366,031,261.5191","138.8047","138.8047","138.8047"
"2025-12-18","50,771,822,629.31","365,867,213.0395","138.7712","138.7712","138.7712"
"2025-12-17","50,948,092,379.39","367,224,175.3631","138.7384","138.7384","138.7384"
"2025-12-16","50,894,060,219.99","366,927,965.8142","138.7031","138.7031","138.7031"
"2025-12-15","50,829,651,846.15","366,550,951.0159","138.6701","138.6701","138.6701"
"2025-12-12","50,515,873,251.66","364,555,343.6194","138.5685","138.5685","138.5685"
"2025-12-11","50,469,196,273.47","364,310,492.8458","138.5335","138.5335","138.5335"
"2025-12-10","50,383,100,648.22","363,784,051.0523","138.4973","138.4973","138.4973"
"2025-12-08","50,345,494,827.78","363,689,741.0835","138.4298","138.4298","138.4298"
"2025-12-05","50,243,696,612.01","363,222,616.2579","138.3276","138.3276","138.3276"
"2025-12-04","50,142,550,934.44","362,582,241.7359","138.2929","138.2929","138.2929"
"2025-12-03","50,095,598,211.66","362,335,212.6545","138.2576","138.2576","138.2576"
"2025-12-02","50,022,584,996.64","361,896,289.9803","138.2235","138.2235","138.2235"
"2025-12-01","49,794,622,085.65","360,341,890.3008","138.1872","138.1872","138.1872"
"2025-11-28","49,652,211,225.13","359,580,775.6854","138.0836","138.0836","138.0836"
"2025-11-27","49,502,494,281.72","358,587,695.9587","138.0485","138.0485","138.0485"
"2025-11-26","49,489,651,993.48","358,586,500.4368","138.0131","138.0131","138.0131"
"2025-11-25","49,481,113,782.34","358,615,917.1767","137.9780","137.9780","137.9780"
"2025-11-24","49,292,578,612.79","357,344,736.6302","137.9412","137.9412","137.9412"
"2025-11-21","49,233,138,643.44","357,184,288.2013","137.8368","137.8368","137.8368"
"2025-11-20","49,180,497,804.12","356,894,379.2550","137.8013","137.8013","137.8013"
"2025-11-19","49,116,589,787.08","356,523,486.6912","137.7654","137.7654","137.7654"
"2025-11-18","49,113,764,031.81","356,599,527.3026","137.7281","137.7281","137.7281"
"2025-11-17","49,134,035,783.48","356,832,379.2797","137.6950","137.6950","137.6950"
"2025-11-14","48,873,003,174.30","355,194,380.4921","137.5951","137.5951","137.5951"
"2025-11-13","48,832,869,355.78","354,988,908.2127","137.5617","137.5617","137.5617"
"2025-11-12","48,753,841,278.99","354,502,322.7605","137.5276","137.5276","137.5276"
"2025-11-11","48,542,930,460.96","353,055,077.4955","137.4939","137.4939","137.4939"
"2025-11-10","48,491,435,769.24","352,772,037.3383","137.4583","137.4583","137.4583"
"2025-11-07","48,337,267,166.08","351,914,695.0633","137.3551","137.3551","137.3551"
"2025-11-06","48,239,883,531.13","351,296,779.1874","137.3195","137.3195","137.3195"
"2025-11-05","48,195,084,712.40","351,061,557.7658","137.2839","137.2839","137.2839"
"2025-11-04","48,144,874,667.80","350,785,431.4194","137.2488","137.2488","137.2488"
"2025-11-03","48,254,018,700.37","351,671,824.2444","137.2132","137.2132","137.2132"
"2025-10-28","48,185,291,745.94","351,687,062.8386","137.0118","137.0118","137.0118"
"2025-10-27","48,150,825,067.01","351,522,596.5993","136.9779","136.9779","136.9779"
"2025-10-24","47,993,065,700.33","350,633,371.5420","136.8754","136.8754","136.8754"
"2025-10-23","48,014,741,465.37","350,880,350.9277","136.8408","136.8408","136.8408"
"2025-10-22","48,022,286,312.51","351,022,650.0331","136.8068","136.8068","136.8068"
"2025-10-21","47,905,188,326.41","350,259,937.0753","136.7704","136.7704","136.7704"
"2025-10-20","47,789,119,818.31","349,498,680.9997","136.7362","136.7362","136.7362"
"2025-10-17","47,640,670,282.44","348,675,672.7576","136.6332","136.6332","136.6332"
"2025-10-16","47,668,933,924.51","348,972,521.6677","136.5980","136.5980","136.5980"
"2025-10-15","47,662,532,495.49","349,012,240.5889","136.5641","136.5641","136.5641"
"2025-10-13","47,596,641,968.91","348,707,301.6526","136.4945","136.4945","136.4945"
"2025-10-10","47,489,837,631.50","348,186,387.1762","136.3920","136.3920","136.3920"
"2025-10-09","47,473,181,339.22","348,154,572.5128","136.3566","136.3566","136.3566"
"2025-10-08","47,429,166,315.88","347,920,654.5497","136.3218","136.3218","136.3218"
"2025-10-07","47,366,241,638.49","347,556,095.8049","136.2837","136.2837","136.2837"
"2025-10-06","47,229,445,031.73","346,652,861.4049","136.2442","136.2442","136.2442"
"2025-10-03","47,178,589,141.39","346,582,626.3637","136.1251","136.1251","136.1251"
"2025-10-02","47,158,621,262.77","346,535,671.0993","136.0859","136.0859","136.0859"
"2025-10-01","47,039,001,396.15","345,763,316.0295","136.0439","136.0439","136.0439"
"2025-09-30","46,912,533,220.77","344,933,912.7777","136.0044","136.0044","136.0044"
"2025-09-29","46,899,080,414.22","344,936,817.9808","135.9643","135.9643","135.9643"
"2025-09-26","46,805,222,025.50","344,554,396.6940","135.8428","135.8428","135.8428"
"2025-09-25","46,716,641,689.89","344,003,793.6736","135.8027","135.8027","135.8027"
"2025-09-24","46,660,880,424.13","343,704,475.7371","135.7587","135.7587","135.7587"
"2025-09-23","46,611,245,188.94","343,441,990.6942","135.7180","135.7180","135.7180"
"2025-09-22","46,597,976,714.46","343,451,076.8139","135.6757","135.6757","135.6757"
"2025-09-19","46,550,788,204.12","343,412,939.2393","135.5534","135.5534","135.5534"
"2025-09-18","46,444,615,533.70","342,738,856.8013","135.5102","135.5102","135.5102"
"2025-09-17","46,367,101,825.08","342,272,753.1320","135.4683","135.4683","135.4683"
"2025-09-16","46,311,294,844.05","341,973,200.6306","135.4238","135.4238","135.4238"
"2025-09-15","46,330,337,449.70","342,220,149.1464","135.3817","135.3817","135.3817"
"2025-09-12","46,249,935,897.34","341,941,596.5451","135.2568","135.2568","135.2568"
"2025-09-11","46,210,479,744.42","341,756,521.8910","135.2146","135.2146","135.2146"
"2025-09-10","46,216,469,100.98","341,913,640.3338","135.1700","135.1700","135.1700"
"2025-09-09","46,229,568,675.17","342,115,763.2503","135.1284","135.1284","135.1284"
"2025-09-08","46,181,404,467.86","341,871,066.7024","135.0843","135.0843","135.0843"
"2025-09-04","46,311,022,935.96","343,253,612.2123","134.9178","134.9178","134.9178"
"2025-09-03","46,203,976,289.05","342,569,231.5896","134.8749","134.8749","134.8749"
"2025-09-02","46,170,064,609.66","342,422,297.2677","134.8337","134.8337","134.8337"
"2025-09-01","46,254,879,607.94","343,160,507.7050","134.7908","134.7908","134.7908"
"2025-08-29","46,144,140,658.71","342,653,197.4215","134.6672","134.6672","134.6672"
"2025-08-28","46,102,521,858.95","342,450,256.3050","134.6255","134.6255","134.6255"
"2025-08-27","46,180,638,660.47","343,136,367.7741","134.5839","134.5839","134.5839"
"2025-08-26","46,155,694,725.61","343,057,224.6053","134.5423","134.5423","134.5423"
"2025-08-25","46,094,397,253.57","342,711,825.3211","134.4990","134.4990","134.4990"
"2025-08-22","46,017,609,437.45","342,432,597.5158","134.3844","134.3844","134.3844"
"2025-08-21","45,919,003,281.24","341,796,707.1129","134.3459","134.3459","134.3459"
"2025-08-20","45,822,377,035.93","341,175,732.7432","134.3073","134.3073","134.3073"
"2025-08-19","45,815,139,899.55","341,221,171.0311","134.2682","134.2682","134.2682"
"2025-08-18","45,806,202,603.32","341,256,671.8626","134.2280","134.2280","134.2280"
"2025-08-15","45,889,785,851.51","342,170,907.7779","134.1136","134.1136","134.1136"
"2025-08-14","45,819,364,266.69","341,743,896.6762","134.0752","134.0752","134.0752"
"2025-08-13","45,812,557,343.88","341,791,045.6189","134.0367","134.0367","134.0367"
"2025-08-12","45,843,729,118.21","342,121,614.1081","133.9983","133.9983","133.9983"
"2025-08-11","45,804,858,638.39","341,935,320.8687","133.9577","133.9577","133.9577"
"2025-08-07","45,559,023,665.65","340,488,261.2449","133.8050","133.8050","133.8050"
"2025-08-06","46,051,508,302.87","344,267,487.5620","133.7666","133.7666","133.7666"
"2025-08-05","46,171,366,185.24","345,261,814.6188","133.7286","133.7286","133.7286"
"2025-08-04","46,192,477,686.07","345,521,520.8981","133.6891","133.6891","133.6891"
"2025-08-01","46,084,988,514.91","345,008,838.5320","133.5763","133.5763","133.5763"
"2025-07-31","45,952,519,181.79","344,115,364.5059","133.5381","133.5381","133.5381"
"2025-07-30","45,867,151,437.38","343,576,461.6619","133.4991","133.4991","133.4991"
"2025-07-29","45,783,521,772.24","343,048,272.6695","133.4609","133.4609","133.4609"
"2025-07-28","45,642,244,217.19","342,091,924.8321","133.4210","133.4210","133.4210"
"2025-07-25","55,470,520,990.74","416,032,929.4703","133.3320","133.3320","133.3320"
"2025-07-24","55,407,293,560.42","415,655,458.2581","133.3010","133.3010","133.3010"
"2025-07-23","55,263,093,972.76","414,668,454.5322","133.2706","133.2706","133.2706"
"2025-07-22","55,261,328,322.19","414,749,405.2397","133.2403","133.2403","133.2403"
"2025-07-21","55,259,861,777.71","414,835,725.7749","133.2090","133.2090","133.2090"
"2025-07-18","55,200,823,549.27","414,671,350.5353","133.1195","133.1195","133.1195"
"2025-07-17","56,535,959,959.03","424,794,539.0999","133.0901","133.0901","133.0901"
"2025-07-16","56,363,698,166.65","423,593,766.7880","133.0607","133.0607","133.0607"
"2025-07-15","56,312,961,623.64","423,306,957.5304","133.0310","133.0310","133.0310"
"2025-07-14","56,104,248,859.53","421,836,582.5540","133.0000","133.0000","133.0000"
"2025-07-11","54,639,007,099.54","411,100,395.2738","132.9092","132.9092","132.9092"
"2025-07-10","54,543,371,654.35","410,476,968.4150","132.8780","132.8780","132.8780"
"2025-07-09","54,466,751,970.80","410,001,828.2117","132.8451","132.8451","132.8451"
"2025-07-08","54,350,778,192.98","409,221,745.2487","132.8150","132.8150","132.8150"
"2025-07-04","44,174,997,461.77","333,001,051.0768","132.6572","132.6572","132.6572"
"2025-07-03","44,174,457,756.03","333,113,374.7916","132.6109","132.6109","132.6109"
"2025-07-02","44,086,516,377.33","332,548,708.3825","132.5716","132.5716","132.5716"
"2025-07-01","44,017,383,410.87","332,129,143.3565","132.5309","132.5309","132.5309"
"2025-06-30","43,937,746,006.67","331,634,067.1743","132.4886","132.4886","132.4886"
"2025-06-27","47,220,665,440.28","357,117,755.1473","132.2272","132.2272","132.2272"
"2025-06-26","47,071,616,431.84","356,205,752.8516","132.1473","132.1473","132.1473"
"2025-06-25","46,979,976,133.15","355,729,693.6531","132.0665","132.0665","132.0665"
"2025-06-24","46,897,865,498.00","355,321,635.7126","131.9871","131.9871","131.9871"
"2025-06-23","46,800,957,551.13","354,806,373.5067","131.9056","131.9056","131.9056"
"2025-06-20","46,699,687,964.98","354,705,392.0066","131.6577","131.6577","131.6577"
"2025-06-19","46,616,491,593.38","354,297,435.6947","131.5745","131.5745","131.5745"
"2025-06-18","46,544,458,003.79","353,981,501.4391","131.4884","131.4884","131.4884"
"2025-06-17","46,403,992,895.94","353,136,564.8787","131.4052","131.4052","131.4052"
"2025-06-16","46,392,933,679.14","353,281,406.1224","131.3201","131.3201","131.3201"
"2025-06-13","46,122,081,202.47","351,889,083.8021","131.0699","131.0699","131.0699"
"2025-06-12","45,662,109,836.30","348,600,501.2191","130.9869","130.9869","130.9869"
"2025-06-11","45,633,480,267.63","348,586,157.4206","130.9102","130.9102","130.9102"
"2025-06-10","45,506,104,873.07","347,818,945.4811","130.8327","130.8327","130.8327"
"2025-06-09","45,466,555,415.75","347,722,332.8208","130.7554","130.7554","130.7554"
"2025-06-06","45,301,671,994.75","347,074,117.1484","130.5245","130.5245","130.5245"
"2025-06-05","45,145,329,904.16","346,081,184.1259","130.4472","130.4472","130.4472"
"2025-06-04","45,014,427,989.34","345,286,056.7564","130.3685","130.3685","130.3685"
"2025-06-03","44,916,416,926.86","344,739,522.7394","130.2909","130.2909","130.2909"
"2025-06-02","44,875,905,284.36","344,636,121.1826","130.2124","130.2124","130.2124"
"2025-05-30","44,710,859,040.81","343,983,803.7160","129.9795","129.9795","129.9795"
"2025-05-29","44,672,348,165.62","343,893,343.7513","129.9018","129.9018","129.9018"
"2025-05-28","44,581,292,269.76","343,398,048.8439","129.8240","129.8240","129.8240"
"2025-05-27","44,549,151,421.65","343,356,550.3259","129.7460","129.7460","129.7460"
"2025-05-26","44,448,224,519.05","342,786,795.5351","129.6673","129.6673","129.6673"
"2025-05-23","44,255,922,045.39","341,925,046.0687","129.4316","129.4316","129.4316"
"2025-05-22","44,119,386,510.23","341,077,462.6472","129.3530","129.3530","129.3530"
"2025-05-21","44,024,276,615.84","340,549,293.1034","129.2743","129.2743","129.2743"
"2025-05-20","38,710,861,419.68","299,658,377.0557","129.1833","129.1833","129.1833"
"2025-05-19","38,692,765,929.44","299,727,303.4342","129.0932","129.0932","129.0932"
"2025-05-16","38,569,786,117.73","299,422,185.3848","128.8141","128.8141","128.8141"
"2025-05-15","38,519,260,151.63","299,246,283.4089","128.7209","128.7209","128.7209"
"2025-05-14","38,250,077,789.47","297,371,392.0121","128.6273","128.6273","128.6273"
"2025-05-13","38,306,836,243.33","297,906,206.4869","128.5869","128.5869","128.5869"
"2025-05-12","38,189,124,263.52","297,082,995.1283","128.5470","128.5470","128.5470"
"2025-05-09","38,152,796,759.27","297,072,799.9685","128.4291","128.4291","128.4291"
"2025-05-08","36,084,848,842.58","281,063,926.2008","128.3866","128.3866","128.3866"
"2025-05-07","36,312,708,687.73","282,930,984.5291","128.3448","128.3448","128.3448"
"2025-05-06","36,234,216,745.83","282,411,744.8638","128.3028","128.3028","128.3028"
"2025-05-05","38,174,800,027.13","297,629,001.4374","128.2630","128.2630","128.2630"
"2025-05-02","38,104,954,843.65","297,357,595.1980","128.1452","128.1452","128.1452"
"2025-04-30","37,909,380,425.85","296,013,173.9727","128.0665","128.0665","128.0665"
"2025-04-29","37,866,195,873.02","295,767,407.4502","128.0269","128.0269","128.0269"
"2025-04-28","37,844,664,309.72","295,691,642.2804","127.9869","127.9869","127.9869"
"2025-04-25","37,696,704,573.39","294,810,303.7769","127.8677","127.8677","127.8677"
"2025-04-24","37,636,697,449.62","294,432,208.8945","127.8281","127.8281","127.8281"
"2025-04-23","37,478,365,915.08","293,284,641.5570","127.7884","127.7884","127.7884"
"2025-04-22","37,405,826,268.79","292,809,045.5385","127.7482","127.7482","127.7482"
"2025-04-17","37,270,717,958.55","292,206,012.8401","127.5495","127.5495","127.5495"
"2025-04-16","37,161,207,423.92","291,438,891.9400","127.5094","127.5094","127.5094"
"2025-04-15","37,152,777,449.88","291,464,943.6546","127.4691","127.4691","127.4691"
"2025-04-14","37,053,548,160.79","290,782,363.5626","127.4271","127.4271","127.4271"
"2025-04-11","36,982,880,302.20","290,501,798.8368","127.3069","127.3069","127.3069"
"2025-04-10","36,911,257,276.19","290,030,981.6812","127.2666","127.2666","127.2666"
"2025-04-09","36,853,162,008.58","289,666,465.9125","127.2262","127.2262","127.2262"
"2025-04-08","36,808,636,792.20","289,409,823.6966","127.1852","127.1852","127.1852"
"2025-04-04","36,680,971,261.89","288,772,659.3368","127.0237","127.0237","127.0237"
"2025-04-03","36,854,911,660.27","290,234,136.9260","126.9834","126.9834","126.9834"
"2025-04-02","36,797,259,542.73","289,874,506.3270","126.9420","126.9420","126.9420"
"2025-03-28","36,557,231,255.15","288,462,815.1086","126.7312","126.7312","126.7312"
"2025-03-27","36,543,439,104.27","288,440,394.2635","126.6932","126.6932","126.6932"
"2025-03-26","36,513,269,882.51","288,288,824.8025","126.6552","126.6552","126.6552"
"2025-03-25","36,496,940,628.35","288,246,242.9320","126.6172","126.6172","126.6172"
"2025-03-24","36,531,836,869.31","288,609,056.0851","126.5790","126.5790","126.5790"
"2025-03-21","36,354,397,391.88","287,480,968.0935","126.4584","126.4584","126.4584"
"2025-03-20","36,320,167,391.30","287,303,493.2049","126.4174","126.4174","126.4174"
"2025-03-19","36,299,520,003.75","287,234,295.1876","126.3760","126.3760","126.3760"
"2025-03-18","36,278,695,611.70","287,161,981.9904","126.3353","126.3353","126.3353"
"2025-03-17","35,945,563,986.05","284,618,443.3201","126.2939","126.2939","126.2939"
"2025-03-14","35,686,173,927.22","282,840,288.6871","126.1708","126.1708","126.1708"
"2025-03-13","35,645,118,274.38","282,606,906.2761","126.1297","126.1297","126.1297"
"2025-03-12","35,595,943,675.78","282,309,086.8963","126.0886","126.0886","126.0886"
"2025-03-11","35,516,885,982.56","281,774,409.6197","126.0472","126.0472","126.0472"
"2025-03-10","35,469,887,948.38","281,494,867.9385","126.0055","126.0055","126.0055"
"2025-03-07","35,400,825,714.65","281,222,563.9601","125.8819","125.8819","125.8819"
"2025-03-06","35,378,589,901.57","281,138,302.3667","125.8405","125.8405","125.8405"
"2025-03-05","35,334,312,472.34","280,878,789.9313","125.7991","125.7991","125.7991"
"2025-03-04","35,307,014,234.96","280,754,276.6660","125.7577","125.7577","125.7577"
"2025-03-03","35,256,156,177.17","280,442,943.8378","125.7160","125.7160","125.7160"
"2025-02-28","35,129,794,539.93","279,714,240.6168","125.5917","125.5917","125.5917"
"2025-02-27","35,185,754,109.75","280,253,559.4637","125.5497","125.5497","125.5497"
"2025-02-26","35,125,458,982.25","279,867,108.2134","125.5076","125.5076","125.5076"
"2025-02-25","35,103,510,638.96","279,791,398.6306","125.4632","125.4632","125.4632"
"2025-02-24","35,058,961,970.94","279,530,517.6956","125.4209","125.4209","125.4209"
"2025-02-21","35,057,454,743.02","279,764,681.3615","125.3105","125.3105","125.3105"
"2025-02-20","34,976,688,100.74","279,202,690.9457","125.2735","125.2735","125.2735"
"2025-02-19","34,920,581,302.11","278,837,406.4995","125.2364","125.2364","125.2364"
"2025-02-18","34,930,788,087.11","279,001,518.3191","125.1993","125.1993","125.1993"
"2025-02-17","34,824,708,399.63","278,237,457.3745","125.1618","125.1618","125.1618"
"2025-02-14","34,760,094,776.19","277,993,891.0091","125.0391","125.0391","125.0391"
"2025-02-13","34,802,698,819.12","278,425,725.8672","124.9981","124.9981","124.9981"
"2025-02-12","34,763,249,386.52","278,201,268.8970","124.9572","124.9572","124.9572"
"2025-02-11","34,791,794,089.24","278,520,865.7078","124.9163","124.9163","124.9163"
"2025-02-10","34,749,577,704.84","278,274,663.3751","124.8751","124.8751","124.8751"
"2025-02-07","34,670,741,323.22","277,916,466.7168","124.7524","124.7524","124.7524"
"2025-02-06","34,626,929,780.48","277,656,612.0340","124.7113","124.7113","124.7113"
"2025-02-05","34,624,641,102.65","277,729,436.4075","124.6704","124.6704","124.6704"
"2025-02-04","34,604,529,438.75","277,660,215.1168","124.6291","124.6291","124.6291"
"2025-02-03","34,577,350,811.40","277,533,917.7753","124.5878","124.5878","124.5878"
"2025-01-31","34,500,508,683.87","277,212,937.8043","124.4549","124.4549","124.4549"
"2025-01-30","34,496,477,564.20","277,271,939.1614","124.4139","124.4139","124.4139"
"2025-01-29","34,467,512,762.87","277,130,503.7328","124.3729","124.3729","124.3729"
"2025-01-28","34,434,296,923.91","276,954,830.7078","124.3318","124.3318","124.3318"
"2025-01-27","34,406,148,952.26","276,820,372.5521","124.2905","124.2905","124.2905"
"2025-01-24","34,303,732,180.11","276,274,320.2100","124.1655","124.1655","124.1655"
"2025-01-23","34,253,929,732.96","275,966,161.9857","124.1237","124.1237","124.1237"
"2025-01-22","34,236,034,841.08","275,914,950.5732","124.0818","124.0818","124.0818"
"2025-01-21","34,191,404,326.58","275,648,510.1265","124.0399","124.0399","124.0399"
"2025-01-20","34,166,258,780.03","275,539,641.5584","123.9976","123.9976","123.9976"
"2025-01-17","33,995,603,763.61","274,442,628.1074","123.8714","123.8714","123.8714"
"2025-01-16","33,934,664,048.17","274,040,077.8986","123.8310","123.8310","123.8310"
"2025-01-15","33,893,729,707.62","273,800,155.5447","123.7900","123.7900","123.7900"
"2025-01-14","33,857,404,495.92","273,597,405.4518","123.7490","123.7490","123.7490"
"2025-01-13","33,827,988,272.79","273,450,889.6717","123.7077","123.7077","123.7077"
"2025-01-10","33,752,423,451.43","273,111,799.2368","123.5846","123.5846","123.5846"
"2025-01-09","33,750,762,944.93","273,189,345.6172","123.5435","123.5435","123.5435"
"2025-01-08","33,711,145,296.74","272,959,696.7230","123.5023","123.5023","123.5023"
"2025-01-07","33,695,231,999.37","272,921,913.8867","123.4611","123.4611","123.4611"
"2025-01-06","33,646,140,114.94","272,615,961.5605","123.4196","123.4196","123.4196"
"2025-01-03","33,549,820,019.60","272,109,603.5440","123.2952","123.2952","123.2952"
"2025-01-02","33,537,683,245.26","272,103,776.9665","123.2533","123.2533","123.2533"
"2024-12-31","33,491,896,212.64","271,916,713.5228","123.1697","123.1697","123.1697"
"2024-12-30","33,466,710,174.70","271,808,961.5003","123.1259","123.1259","123.1259"
"2024-12-27","33,370,491,021.14","271,316,361.7863","122.9948","122.9948","122.9948"
"2024-12-24","33,336,354,602.21","271,326,099.0815","122.8645","122.8645","122.8645"
"2024-12-23","33,300,756,857.36","271,132,951.1283","122.8208","122.8208","122.8208"
"2024-12-20","33,211,569,666.90","270,677,523.8449","122.6979","122.6979","122.6979"
"2024-12-19","33,177,051,705.29","270,486,634.6095","122.6569","122.6569","122.6569"
"2024-12-18","33,172,150,112.94","270,537,415.8629","122.6158","122.6158","122.6158"
"2024-12-17","33,162,617,558.46","270,549,897.8069","122.5749","122.5749","122.5749"
"2024-12-16","33,101,675,219.67","270,144,709.7684","122.5331","122.5331","122.5331"
"2024-12-13","33,057,277,229.44","270,055,683.1543","122.4091","122.4091","122.4091"
"2024-12-12","33,056,207,675.40","270,140,986.7224","122.3665","122.3665","122.3665"
"2024-12-11","33,039,248,053.38","270,096,483.8016","122.3239","122.3239","122.3239"
"2024-12-10","33,007,954,659.00","269,935,612.9341","122.2808","122.2808","122.2808"
"2024-12-06","32,960,098,803.04","269,920,855.3344","122.1102","122.1102","122.1102"
"2024-12-05","32,838,244,326.87","269,020,577.8425","122.0659","122.0659","122.0659"
"2024-12-04","32,786,272,388.70","268,696,332.1104","122.0198","122.0198","122.0198"
"2024-12-03","32,764,907,524.12","268,616,958.1117","121.9763","121.9763","121.9763"
"2024-12-02","32,821,263,887.47","269,175,274.6239","121.9327","121.9327","121.9327"
"2024-11-29","32,778,087,752.67","269,111,342.6270","121.8012","121.8012","121.8012"
"2024-11-28","32,717,136,449.80","268,709,263.6053","121.7566","121.7566","121.7566"
"2024-11-26","32,647,850,050.40","268,337,012.7455","121.6673","121.6673","121.6673"
"2024-11-25","32,599,262,750.71","268,031,890.6215","121.6246","121.6246","121.6246"
"2024-11-22","32,560,650,141.17","267,993,891.1488","121.4977","121.4977","121.4977"
"2024-11-21","32,507,724,650.67","267,652,086.1025","121.4552","121.4552","121.4552"
"2024-11-20","32,446,340,427.55","267,239,983.7104","121.4127","121.4127","121.4127"
"2024-11-19","32,424,459,524.56","267,153,083.2039","121.3703","121.3703","121.3703"
"2024-11-18","32,447,554,431.05","267,437,299.1819","121.3277","121.3277","121.3277"
"2024-11-15","32,345,165,627.60","266,873,087.5669","121.2006","121.2006","121.2006"
"2024-11-14","32,364,392,259.62","267,125,206.5529","121.1581","121.1581","121.1581"
"2024-11-13","32,334,445,051.96","266,972,139.4465","121.1154","121.1154","121.1154"
"2024-11-12","32,316,838,328.79","266,921,719.3926","121.0723","121.0723","121.0723"
"2024-11-11","32,245,914,313.42","266,430,095.6356","121.0295","121.0295","121.0295"
"2024-11-08","32,163,771,973.01","266,034,933.1997","120.9006","120.9006","120.9006"
"2024-11-07","32,128,440,392.01","265,837,343.2514","120.8575","120.8575","120.8575"
"2024-11-06","32,100,982,345.68","265,704,905.4910","120.8144","120.8144","120.8144"
"2024-11-05","32,057,706,196.90","265,441,428.8280","120.7713","120.7713","120.7713"
"2024-11-04","32,056,093,498.60","265,509,641.5573","120.7342","120.7342","120.7342"
"2024-11-01","31,985,133,386.42","265,164,553.5582","120.6237","120.6237","120.6237"
"2024-10-31","31,943,857,139.57","264,903,518.6206","120.5868","120.5868","120.5868"
"2024-10-30","31,902,794,095.78","264,644,564.2717","120.5496","120.5496","120.5496"
"2024-10-29","31,884,923,760.87","264,577,925.9644","120.5124","120.5124","120.5124"
"2024-10-28","31,864,190,412.84","264,488,072.6793","120.4750","120.4750","120.4750"
"2024-10-25","31,823,100,014.91","264,391,256.6527","120.3637","120.3637","120.3637"
"2024-10-24","31,760,306,220.07","263,951,207.5670","120.3264","120.3264","120.3264"
"2024-10-23","31,724,299,416.03","263,733,635.3786","120.2892","120.2892","120.2892"
"2024-10-22","31,658,631,887.15","263,269,055.8449","120.2520","120.2520","120.2520"
"2024-10-21","29,600,998,417.20","246,240,846.7986","120.2116","120.2116","120.2116"
"2024-10-18","29,533,580,851.76","245,926,414.9682","120.0911","120.0911","120.0911"
"2024-10-17","29,478,231,521.26","245,548,077.5950","120.0508","120.0508","120.0508"
"2024-10-16","29,447,393,871.04","245,373,790.1100","120.0103","120.0103","120.0103"
"2024-10-15","29,409,487,454.86","245,141,416.3421","119.9695","119.9695","119.9695"
"2024-10-11","29,372,260,342.68","245,161,071.2218","119.8080","119.8080","119.8080"
"2024-10-10","29,354,038,627.97","245,091,797.5880","119.7675","119.7675","119.7675"
"2024-10-09","29,368,900,642.22","245,298,718.9443","119.7271","119.7271","119.7271"
"2024-10-08","29,344,867,402.27","245,180,847.1058","119.6866","119.6866","119.6866"
"2024-10-07","29,229,862,007.12","244,303,371.2731","119.6458","119.6458","119.6458"
"2024-10-04","29,179,760,350.05","244,132,680.9991","119.5242","119.5242","119.5242"
"2024-10-03","29,138,694,509.58","243,871,980.1536","119.4836","119.4836","119.4836"
"2024-10-02","29,040,133,565.94","243,130,302.2155","119.4427","119.4427","119.4427"
"2024-10-01","29,020,148,594.28","243,045,700.5315","119.4020","119.4020","119.4020"
"2024-09-30","28,982,761,436.28","242,816,164.8621","119.3609","119.3609","119.3609"
"2024-09-27","28,928,235,784.33","242,638,596.1157","119.2236","119.2236","119.2236"
"2024-09-26","28,907,017,605.07","242,560,935.3170","119.1743","119.1743","119.1743"
"2024-09-25","28,878,738,485.02","242,422,102.2455","119.1258","119.1258","119.1258"
"2024-09-24","28,808,913,260.48","241,934,483.7071","119.0773","119.0773","119.0773"
"2024-09-23","28,769,820,492.46","241,705,338.0950","119.0285","119.0285","119.0285"
"2024-09-20","28,728,300,892.00","241,671,278.6487","118.8735","118.8735","118.8735"
"2024-09-19","28,695,005,274.94","241,504,649.9215","118.8176","118.8176","118.8176"
"2024-09-18","28,687,405,090.45","241,537,862.2671","118.7698","118.7698","118.7698"
"2024-09-17","28,676,576,813.74","241,548,027.2590","118.7200","118.7200","118.7200"
"2024-09-13","28,642,905,356.04","241,585,379.3470","118.5622","118.5622","118.5622"
"2024-09-12","28,506,462,270.41","240,518,241.0888","118.5210","118.5210","118.5210"
"2024-09-11","28,494,915,160.56","240,503,545.8149","118.4802","118.4802","118.4802"
"2024-09-10","28,465,502,764.66","240,330,143.9028","118.4433","118.4433","118.4433"
"2024-09-09","28,447,870,359.15","240,259,314.9745","118.4049","118.4049","118.4049"
"2024-09-06","28,169,575,404.12","238,131,387.9208","118.2943","118.2943","118.2943"
"2024-09-05","28,153,304,430.38","238,069,132.1863","118.2568","118.2568","118.2568"
"2024-09-04","28,141,276,770.01","238,043,311.3393","118.2191","118.2191","118.2191"
"2024-09-03","28,130,927,750.08","238,031,721.3170","118.1814","118.1814","118.1814"
"2024-09-02","28,128,014,362.92","238,087,230.5734","118.1416","118.1416","118.1416"
"2024-08-30","27,954,464,213.08","236,847,891.0081","118.0271","118.0271","118.0271"
"2024-08-29","27,895,078,353.06","236,424,737.7899","117.9871","117.9871","117.9871"
"2024-08-28","27,872,116,797.07","236,310,165.5358","117.9472","117.9472","117.9472"
"2024-08-27","27,816,229,613.48","235,914,024.2115","117.9083","117.9083","117.9083"
"2024-08-26","27,807,766,576.18","235,924,629.7260","117.8672","117.8672","117.8672"
"2024-08-23","27,411,802,407.55","232,818,121.4404","117.7391","117.7391","117.7391"
"2024-08-22","27,401,690,124.43","232,815,953.5285","117.6968","117.6968","117.6968"
"2024-08-21","27,372,676,839.57","232,653,200.5904","117.6544","117.6544","117.6544"
"2024-08-20","27,267,379,055.69","231,824,345.7594","117.6209","117.6209","117.6209"
"2024-08-19","27,245,854,931.22","231,711,667.4023","117.5852","117.5852","117.5852"
"2024-08-16","27,108,598,901.46","230,742,687.5960","117.4841","117.4841","117.4841"
"2024-08-15","27,062,036,447.39","230,412,810.7041","117.4502","117.4502","117.4502"
"2024-08-14","27,049,217,103.49","230,370,146.8346","117.4163","117.4163","117.4163"
"2024-08-13","27,035,596,523.36","230,320,669.8880","117.3824","117.3824","117.3824"
"2024-08-12","27,013,704,732.73","230,204,936.2755","117.3463","117.3463","117.3463"
"2024-08-09","26,951,986,554.10","229,881,080.7820","117.2432","117.2432","117.2432"
"2024-08-07","26,838,642,562.36","229,056,117.5130","117.1706","117.1706","117.1706"
"2024-08-06","26,821,873,489.25","228,984,589.9642","117.1340","117.1340","117.1340"
"2024-08-05","26,794,236,338.01","228,824,262.8073","117.0953","117.0953","117.0953"
"2024-08-02","26,781,972,328.03","228,917,577.7251","116.9940","116.9940","116.9940"
"2024-08-01","26,771,886,345.12","228,875,901.4169","116.9712","116.9712","116.9712"
"2024-07-31","26,251,041,696.32","224,492,012.6220","116.9353","116.9353","116.9353"
"2024-07-30","26,244,781,585.77","224,500,440.4916","116.9030","116.9030","116.9030"
"2024-07-29","26,205,352,724.68","224,232,381.7070","116.8669","116.8669","116.8669"
"2024-07-26","26,212,867,322.19","224,515,776.1772","116.7529","116.7529","116.7529"
"2024-07-25","26,212,770,439.95","224,587,370.0562","116.7152","116.7152","116.7152"
"2024-07-24","26,183,764,783.57","224,413,290.6476","116.6765","116.6765","116.6765"
"2024-07-23","26,163,812,329.45","224,305,707.5101","116.6435","116.6435","116.6435"
"2024-07-22","26,171,815,285.49","224,441,707.3887","116.6085","116.6085","116.6085"
"2024-07-19","26,143,489,344.12","224,387,717.3512","116.5103","116.5103","116.5103"
"2024-07-18","26,134,252,737.30","224,372,774.6895","116.4769","116.4769","116.4769"
"2024-07-17","26,060,048,949.22","223,799,803.9459","116.4436","116.4436","116.4436"
"2024-07-16","26,092,979,481.39","224,146,709.5388","116.4103","116.4103","116.4103"
"2024-07-15","26,071,164,555.02","224,026,612.3438","116.3753","116.3753","116.3753"
"2024-07-12","25,873,449,417.23","222,515,666.9407","116.2770","116.2770","116.2770"
"2024-07-11","25,852,738,963.89","222,401,380.1256","116.2436","116.2436","116.2436"
"2024-07-10","25,836,485,870.67","222,325,567.9106","116.2101","116.2101","116.2101"
"2024-07-09","25,807,729,231.59","222,142,311.3463","116.1766","116.1766","116.1766"
"2024-07-08","25,769,987,041.97","221,884,716.2472","116.1413","116.1413","116.1413"
"2024-07-05","25,690,430,608.69","221,388,425.9181","116.0423","116.0423","116.0423"
"2024-07-04","25,655,040,624.69","221,146,495.6651","116.0093","116.0093","116.0093"
"2024-07-03","25,619,400,571.73","220,903,017.3405","115.9758","115.9758","115.9758"
"2024-07-02","25,618,691,020.21","220,959,268.9689","115.9430","115.9430","115.9430"
"2024-07-01","25,591,962,144.09","220,793,117.1953","115.9092","115.9092","115.9092"
"2024-06-28","25,498,658,296.35","220,172,895.5603","115.8120","115.8120","115.8120"
"2024-06-27","25,508,610,884.30","220,318,671.7580","115.7805","115.7805","115.7805"
"2024-06-26","25,489,009,057.43","220,207,090.3086","115.7502","115.7502","115.7502"
"2024-06-25","25,261,548,087.22","218,298,818.5743","115.7200","115.7200","115.7200"
"2024-06-24","25,214,812,525.30","217,953,281.0446","115.6891","115.6891","115.6891"
"2024-06-21","25,174,941,489.09","217,782,918.2622","115.5965","115.5965","115.5965"
"2024-06-20","25,140,604,798.26","217,545,233.9458","115.5650","115.5650","115.5650"
"2024-06-19","25,125,857,908.22","217,475,619.3272","115.5341","115.5341","115.5341"
"2024-06-17","25,107,126,810.89","217,388,634.5842","115.4942","115.4942","115.4942"
"2024-06-14","25,071,006,457.83","217,250,688.3218","115.4013","115.4013","115.4013"
"2024-06-13","23,053,258,598.11","199,824,116.7234","115.3677","115.3677","115.3677"
"2024-06-12","23,038,207,012.43","199,751,700.2717","115.3342","115.3342","115.3342"
"2024-06-11","23,038,648,037.83","199,813,589.9800","115.3007","115.3007","115.3007"
"2024-06-10","23,025,098,493.79","199,755,551.3037","115.2664","115.2664","115.2664"
"2024-06-07","22,988,142,388.54","199,601,141.4248","115.1704","115.1704","115.1704"
"2024-06-06","22,970,129,486.69","199,496,591.7836","115.1405","115.1405","115.1405"
"2024-06-05","22,963,804,292.14","199,493,537.5861","115.1105","115.1105","115.1105"
"2024-06-04","23,170,385,848.72","201,340,144.7766","115.0808","115.0808","115.0808"
"2024-06-03","23,123,439,111.82","200,987,960.5788","115.0489","115.0489","115.0489"
"2024-05-31","22,967,020,265.64","199,780,288.7408","114.9614","114.9614","114.9614"
"2024-05-30","22,946,221,755.69","199,655,485.4513","114.9291","114.9291","114.9291"
"2024-05-29","22,947,879,185.02","199,726,021.3652","114.8968","114.8968","114.8968"
"2024-05-28","22,922,364,179.23","199,560,072.2787","114.8645","114.8645","114.8645"
"2024-05-27","22,913,186,334.18","199,543,782.9009","114.8279","114.8279","114.8279"
"2024-05-24","22,877,402,623.87","199,387,032.4645","114.7387","114.7387","114.7387"
"2024-05-23","22,557,028,262.88","196,649,199.1807","114.7069","114.7069","114.7069"
"2024-05-22","22,547,180,297.08","196,617,795.1414","114.6752","114.6752","114.6752"
"2024-05-21","22,533,058,705.97","196,549,109.8459","114.6434","114.6434","114.6434"
"2024-05-20","22,520,323,698.82","196,500,765.5714","114.6068","114.6068","114.6068"
"2024-05-17","22,458,174,453.87","196,113,803.1259","114.5160","114.5160","114.5160"
"2024-05-16","22,441,674,243.56","196,020,785.5563","114.4862","114.4862","114.4862"
"2024-05-15","22,426,255,683.39","195,937,199.2551","114.4563","114.4563","114.4563"
"2024-05-14","22,403,359,871.20","195,788,350.0349","114.4264","114.4264","114.4264"
"2024-05-13","22,385,781,462.17","195,687,801.0882","114.3954","114.3954","114.3954"
"2024-05-10","22,287,408,220.02","194,979,468.6600","114.3064","114.3064","114.3064"
"2024-05-09","22,266,994,147.28","194,852,097.1051","114.2764","114.2764","114.2764"
"2024-05-08","22,244,918,488.41","194,710,213.4614","114.2463","114.2463","114.2463"
"2024-05-07","22,216,157,872.83","194,509,782.8239","114.2161","114.2161","114.2161"
"2024-05-06","22,192,885,163.26","194,358,701.0821","114.1852","114.1852","114.1852"
"2024-05-03","22,184,622,809.93","194,444,828.0596","114.0921","114.0921","114.0921"
"2024-05-02","21,927,110,397.81","192,240,012.8270","114.0611","114.0611","114.0611"
"2024-04-30","21,885,434,145.49","191,977,550.2133","114.0000","114.0000","114.0000"
"2024-04-29","22,085,201,026.79","193,784,317.7572","113.9679","113.9679","113.9679"
"2024-04-26","22,132,265,128.43","194,350,368.3240","113.8782","113.8782","113.8782"
"2024-04-25","22,123,253,833.51","194,322,312.0323","113.8482","113.8482","113.8482"
"2024-04-24","22,102,279,961.12","194,198,092.7737","113.8131","113.8131","113.8131"
"2024-04-23","22,044,334,841.79","193,741,887.1348","113.7820","113.7820","113.7820"
"2024-04-22","21,997,547,665.37","193,383,776.8889","113.7507","113.7507","113.7507"
"2024-04-19","21,965,251,100.56","193,253,703.2278","113.6602","113.6602","113.6602"
"2024-04-18","21,955,639,485.43","193,220,915.1454","113.6297","113.6297","113.6297"
"2024-04-17","21,964,420,233.52","193,349,963.2728","113.5993","113.5993","113.5993"
"2024-04-16","21,949,846,304.17","193,273,465.4064","113.5689","113.5689","113.5689"
"2024-04-15","21,938,221,076.85","193,224,247.8362","113.5376","113.5376","113.5376"
"2024-04-12","21,907,337,607.00","193,107,660.7468","113.4462","113.4462","113.4462"
"2024-04-09","21,882,916,411.73","193,046,623.4281","113.3556","113.3556","113.3556"
"2024-04-08","21,970,517,749.10","193,872,673.2571","113.3245","113.3245","113.3245"
"2024-04-05","21,431,598,821.59","189,272,195.9817","113.2316","113.2316","113.2316"
"2024-04-04","21,404,478,872.82","189,084,932.8507","113.2003","113.2003","113.2003"
"2024-04-03","21,188,081,466.72","187,225,659.5255","113.1687","113.1687","113.1687"
"2024-04-02","21,177,586,521.50","187,188,006.9739","113.1354","113.1354","113.1354"
"2024-03-28","21,118,751,721.94","186,928,744.3629","112.9776","112.9776","112.9776"
"2024-03-27","21,102,289,160.74","186,835,533.7624","112.9458","112.9458","112.9458"
"2024-03-26","21,083,948,704.40","186,722,236.1994","112.9161","112.9161","112.9161"
"2024-03-25","21,054,252,734.56","186,509,696.3579","112.8856","112.8856","112.8856"
"2024-03-22","21,001,506,979.34","186,188,505.4216","112.7970","112.7970","112.7970"
"2024-03-21","20,979,307,354.91","186,037,546.4599","112.7692","112.7692","112.7692"
"2024-03-20","20,967,817,773.37","185,981,531.1748","112.7414","112.7414","112.7414"
"2024-03-19","20,951,014,693.94","185,883,383.2540","112.7105","112.7105","112.7105"
"2024-03-18","20,909,318,924.37","185,570,075.4964","112.6761","112.6761","112.6761"
"2024-03-15","20,857,670,972.72","185,260,322.9622","112.5857","112.5857","112.5857"
"2024-03-14","20,828,947,176.90","185,056,337.0208","112.5546","112.5546","112.5546"
"2024-03-13","20,804,362,518.15","184,889,072.0134","112.5235","112.5235","112.5235"
"2024-03-12","20,778,299,387.83","184,708,602.1289","112.4923","112.4923","112.4923"
"2024-03-11","20,737,270,061.44","184,400,087.0839","112.4580","112.4580","112.4580"
"2024-03-08","20,740,421,170.07","184,577,779.3831","112.3668","112.3668","112.3668"
"2024-03-07","20,722,788,803.13","184,472,753.0141","112.3352","112.3352","112.3352"
"2024-03-06","20,712,228,326.21","184,430,292.3137","112.3038","112.3038","112.3038"
"2024-03-05","20,697,608,817.40","184,351,676.7453","112.2724","112.2724","112.2724"
"2024-03-04","20,521,114,716.45","182,835,958.1092","112.2378","112.2378","112.2378"
"2024-03-01","20,477,970,399.91","182,601,277.5114","112.1458","112.1458","112.1458"
"2024-02-29","20,457,022,280.31","182,467,427.7669","112.1133","112.1133","112.1133"
"2024-02-28","20,411,396,339.03","182,109,187.2390","112.0833","112.0833","112.0833"
"2024-02-27","20,424,769,961.66","182,277,213.9761","112.0533","112.0533","112.0533"
"2024-02-26","20,287,782,177.60","181,119,051.9951","112.0135","112.0135","112.0135"
"2024-02-23","20,233,589,242.30","180,766,207.4897","111.9324","111.9324","111.9324"
"2024-02-22","20,224,617,351.80","180,734,724.0050","111.9022","111.9022","111.9022"
"2024-02-21","20,219,723,633.09","180,739,769.2937","111.8720","111.8720","111.8720"
"2024-02-20","20,275,128,515.26","181,283,786.5187","111.8419","111.8419","111.8419"
"2024-02-19","20,261,233,746.45","181,223,619.2290","111.8024","111.8024","111.8024"
"2024-02-16","20,242,782,632.99","181,189,939.8357","111.7213","111.7213","111.7213"
"2024-02-15","20,223,179,683.91","181,063,402.5953","111.6912","111.6912","111.6912"
"2024-02-14","20,222,193,255.42","181,103,497.0701","111.6610","111.6610","111.6610"
"2024-02-13","20,198,813,268.19","180,942,984.4471","111.6308","111.6308","111.6308"
"2024-02-12","20,157,050,082.71","180,630,851.0305","111.5925","111.5925","111.5925"
"2024-02-09","20,159,127,765.00","180,780,404.3972","111.5117","111.5117","111.5117"
"2024-02-08","20,124,078,729.71","180,514,262.1538","111.4819","111.4819","111.4819"
"2024-02-07","20,104,425,462.83","180,386,177.8639","111.4521","111.4521","111.4521"
"2024-02-06","20,006,474,964.15","179,555,582.8011","111.4222","111.4222","111.4222"
"2024-02-05","20,001,944,630.18","179,576,905.0874","111.3837","111.3837","111.3837"
"2024-02-02","19,963,882,379.70","179,366,037.0654","111.3025","111.3025","111.3025"
"2024-02-01","19,920,156,826.30","179,021,432.0475","111.2725","111.2725","111.2725"
"2024-01-31","19,907,636,896.58","178,957,175.9195","111.2425","111.2425","111.2425"
"2024-01-30","19,890,095,839.73","178,847,743.1067","111.2125","111.2125","111.2125"
"2024-01-29","19,876,195,102.52","178,784,271.6444","111.1742","111.1742","111.1742"
"2024-01-26","19,850,219,248.91","178,682,150.3738","111.0923","111.0923","111.0923"
"2024-01-25","19,830,280,467.24","178,550,960.4083","111.0623","111.0623","111.0623"
"2024-01-24","19,810,269,864.34","178,419,760.6673","111.0318","111.0318","111.0318"
"2024-01-23","19,781,792,299.23","178,212,294.1510","111.0013","111.0013","111.0013"
"2024-01-22","19,765,315,248.48","178,125,024.3741","110.9632","110.9632","110.9632"
"2024-01-19","19,720,052,142.74","177,848,869.6680","110.8810","110.8810","110.8810"
"2024-01-18","19,691,014,862.98","177,635,384.4451","110.8507","110.8507","110.8507"
"2024-01-17","19,614,889,886.45","176,997,085.7198","110.8204","110.8204","110.8204"
"2024-01-16","19,558,709,707.20","176,538,570.4735","110.7900","110.7900","110.7900"
"2024-01-15","19,547,815,175.06","176,508,443.4043","110.7472","110.7472","110.7472"
"2024-01-11","19,499,402,584.22","176,245,393.4294","110.6378","110.6378","110.6378"
"2024-01-10","19,291,446,261.84","174,414,299.7706","110.6070","110.6070","110.6070"
"2024-01-09","19,286,912,745.37","174,421,861.1094","110.5762","110.5762","110.5762"
"2024-01-08","19,285,545,476.97","174,471,181.9012","110.5371","110.5371","110.5371"
"2024-01-05","19,280,374,793.22","174,557,185.8191","110.4531","110.4531","110.4531"
"2024-01-04","19,273,189,969.86","174,540,827.7449","110.4222","110.4222","110.4222"
"2024-01-03","19,282,836,324.27","174,676,820.9691","110.3915","110.3915","110.3915"
"2024-01-02","19,273,849,743.52","174,663,733.7515","110.3483","110.3483","110.3483"
"2023-12-29","19,242,094,320.45","174,553,631.2941","110.2360","110.2360","110.2360"
"2023-12-28","19,244,083,048.58","174,622,018.9674","110.2042","110.2042","110.2042"
"2023-12-27","19,225,478,020.71","174,574,661.8072","110.1275","110.1275","110.1275"
"2023-12-22","19,086,640,137.58","173,522,144.1163","109.9954","109.9954","109.9954"
"2023-12-21","19,064,078,918.90","173,362,190.4910","109.9668","109.9668","109.9668"
"2023-12-20","19,055,162,361.69","173,320,087.1446","109.9420","109.9420","109.9420"
"2023-12-19","19,041,950,154.78","173,245,102.1525","109.9134","109.9134","109.9134"
"2023-12-18","19,019,230,962.17","173,095,997.6586","109.8768","109.8768","109.8768"
"2023-12-15","19,006,850,796.91","173,106,737.8695","109.7984","109.7984","109.7984"
"2023-12-14","18,977,764,451.89","172,890,629.5291","109.7675","109.7675","109.7675"
"2023-12-13","18,982,124,066.14","172,982,140.9034","109.7346","109.7346","109.7346"
"2023-12-12","18,951,421,428.13","172,741,567.3229","109.7097","109.7097","109.7097"
"2023-12-11","18,834,922,449.42","171,728,498.2871","109.6785","109.6785","109.6785"
"2023-12-08","17,740,066,090.28","161,868,962.3596","109.5952","109.5952","109.5952"
"2023-12-07","17,731,970,013.43","161,834,872.4888","109.5683","109.5683","109.5683"
"2023-12-06","17,724,356,195.51","161,808,279.0307","109.5392","109.5392","109.5392"
"2023-12-05","17,683,941,169.44","161,476,010.3970","109.5144","109.5144","109.5144"
"2023-12-04","17,720,895,186.53","161,859,683.0089","109.4831","109.4831","109.4831"
"2023-12-01","17,594,498,477.38","160,818,273.5577","109.4061","109.4061","109.4061"
"2023-11-30","17,584,937,203.29","160,770,915.7019","109.3788","109.3788","109.3788"
"2023-11-29","17,338,879,035.53","158,561,463.0566","109.3512","109.3512","109.3512"
"2023-11-28","17,338,509,670.31","158,598,170.2898","109.3235","109.3235","109.3235"
"2023-11-27","17,261,518,855.08","157,940,408.4439","109.2913","109.2913","109.2913"
"2023-11-24","17,231,988,046.14","157,783,798.2082","109.2127","109.2127","109.2127"
"2023-11-23","17,158,614,291.81","157,151,946.1159","109.1849","109.1849","109.1849"
"2023-11-22","16,984,612,578.47","155,599,245.1472","109.1561","109.1561","109.1561"
"2023-11-21","16,981,608,479.63","155,612,651.4525","109.1274","109.1274","109.1274"
"2023-11-20","16,970,392,187.50","155,558,819.3339","109.0931","109.0931","109.0931"
"2023-11-17","16,950,438,708.20","155,490,772.1039","109.0125","109.0125","109.0125"
"2023-11-16","16,946,738,317.04","155,497,824.8541","108.9838","108.9838","108.9838"
"2023-11-15","16,925,107,648.01","155,340,305.9559","108.9550","108.9550","108.9550"
"2023-11-14","16,910,944,684.41","155,251,962.3519","108.9258","108.9258","108.9258"
"2023-11-13","16,896,627,664.46","155,180,199.2613","108.8839","108.8839","108.8839"
"2023-11-10","16,868,233,432.62","155,034,665.4347","108.8030","108.8030","108.8030"
"2023-11-09","16,855,313,207.14","154,956,347.2449","108.7746","108.7746","108.7746"
"2023-11-08","16,823,740,454.03","154,706,534.7887","108.7462","108.7462","108.7462"
"2023-11-07","16,808,794,418.03","154,609,534.0881","108.7177","108.7177","108.7177"
"2023-11-06","16,793,284,510.74","154,514,016.0630","108.6845","108.6845","108.6845"
"2023-11-03","16,775,246,380.76","154,462,935.0998","108.6037","108.6037","108.6037"
"2023-11-02","16,771,475,014.74","154,468,665.8271","108.5753","108.5753","108.5753"
"2023-11-01","16,761,590,252.10","154,418,219.7117","108.5467","108.5467","108.5467"
"2023-10-31","16,762,947,545.41","154,471,305.9154","108.5182","108.5182","108.5182"
"2023-10-30","16,774,989,367.38","154,629,516.7860","108.4850","108.4850","108.4850"
"2023-10-27","16,742,552,575.70","154,445,618.6065","108.4042","108.4042","108.4042"
"2023-10-26","16,715,985,747.84","154,240,470.2082","108.3761","108.3761","108.3761"
"2023-10-25","16,687,637,319.57","154,019,452.8437","108.3476","108.3476","108.3476"
"2023-10-24","16,667,120,101.75","153,869,875.4328","108.3196","108.3196","108.3196"
"2023-10-23","16,536,518,190.24","152,709,344.9772","108.2875","108.2875","108.2875"
"2023-10-20","16,493,839,904.04","152,429,715.4082","108.2062","108.2062","108.2062"
"2023-10-19","16,480,328,706.52","152,344,811.6966","108.1778","108.1778","108.1778"
"2023-10-18","16,490,405,915.60","152,480,555.8142","108.1476","108.1476","108.1476"
"2023-10-17","16,477,074,697.51","152,394,619.1314","108.1211","108.1211","108.1211"
"2023-10-16","16,467,431,328.68","152,350,442.3998","108.0892","108.0892","108.0892"
"2023-10-13","16,448,469,553.75","152,289,537.3130","108.0079","108.0079","108.0079"
"2023-10-12","16,426,123,213.92","152,122,675.5403","107.9795","107.9795","107.9795"
"2023-10-11","16,407,867,592.07","151,993,644.2797","107.9510","107.9510","107.9510"
"2023-10-10","16,388,091,794.38","151,850,508.9498","107.9225","107.9225","107.9225"
"2023-10-09","16,366,205,723.57","151,693,038.5428","107.8903","107.8903","107.8903"
"2023-10-06","16,389,384,445.11","152,022,716.0090","107.8088","107.8088","107.8088"
"2023-10-05","16,360,723,891.26","151,796,936.6663","107.7803","107.7803","107.7803"
"2023-10-04","16,341,925,460.96","151,662,600.2725","107.7518","107.7518","107.7518"
"2023-10-03","16,329,405,033.25","151,586,100.2597","107.7236","107.7236","107.7236"
"2023-10-02","16,318,931,391.16","151,533,446.4215","107.6919","107.6919","107.6919"
"2023-09-29","16,301,978,199.14","151,493,210.3189","107.6086","107.6086","107.6086"
"2023-09-27","16,275,525,173.66","151,324,778.0992","107.5536","107.5536","107.5536"
"2023-09-26","16,264,583,789.23","151,262,940.9408","107.5252","107.5252","107.5252"
"2023-09-25","16,256,851,771.82","151,235,719.4151","107.4935","107.4935","107.4935"
"2023-09-22","16,243,591,559.49","151,240,978.7645","107.4021","107.4021","107.4021"
"2023-09-21","16,193,795,326.53","150,817,379.0956","107.3735","107.3735","107.3735"
"2023-09-20","16,183,119,740.80","150,758,016.2174","107.3450","107.3450","107.3450"
"2023-09-19","16,175,654,169.34","150,728,531.8446","107.3165","107.3165","107.3165"
"2023-09-18","16,163,597,220.45","150,661,030.4378","107.2845","107.2845","107.2845"
"2023-09-15","16,144,585,488.50","150,599,308.9250","107.2023","107.2023","107.2023"
"2023-09-14","16,141,275,313.00","150,608,533.9514","107.1737","107.1737","107.1737"
"2023-09-13","16,120,677,520.50","150,456,452.6105","107.1451","107.1451","107.1451"
"2023-09-12","16,115,659,930.65","150,449,760.7506","107.1166","107.1166","107.1166"
"2023-09-11","16,101,404,491.37","150,366,283.9132","107.0812","107.0812","107.0812"
"2023-09-08","16,095,069,059.10","150,422,848.4642","106.9988","106.9988","106.9988"
"2023-09-07","16,087,980,678.14","150,396,805.3522","106.9702","106.9702","106.9702"
"2023-09-06","16,069,727,458.63","150,266,382.1128","106.9416","106.9416","106.9416"
"2023-09-05","16,054,899,758.52","150,167,965.8557","106.9129","106.9129","106.9129"
"2023-09-04","16,051,348,140.63","150,198,899.7561","106.8673","106.8673","106.8673"
"2023-09-01","16,048,062,894.61","150,281,763.4262","106.7865","106.7865","106.7865"
"2023-08-31","16,022,643,996.33","150,081,697.9263","106.7595","106.7595","106.7595"
"2023-08-30","16,011,068,148.17","150,011,205.8389","106.7325","106.7325","106.7325"
"2023-08-29","15,956,531,285.42","149,538,199.0228","106.7054","106.7054","106.7054"
"2023-08-28","15,936,518,334.77","149,388,628.3357","106.6783","106.6783","106.6783"
"2023-08-25","15,907,330,497.33","149,229,041.7328","106.5967","106.5967","106.5967"
"2023-08-24","15,892,630,622.75","149,131,662.1508","106.5678","106.5678","106.5678"
"2023-08-23","15,886,116,939.49","149,111,067.1169","106.5388","106.5388","106.5388"
"2023-08-22","15,868,031,355.29","148,989,190.2346","106.5046","106.5046","106.5046"
"2023-08-21","15,857,225,313.31","148,928,272.6780","106.4756","106.4756","106.4756"
"2023-08-18","15,834,692,455.08","148,830,963.0086","106.3938","106.3938","106.3938"
"2023-08-17","15,874,625,313.73","149,246,927.5071","106.3648","106.3648","106.3648"
"2023-08-16","15,867,256,279.94","149,218,292.3759","106.3359","106.3359","106.3359"
"2023-08-15","15,862,399,177.14","149,213,261.1494","106.3069","106.3069","106.3069"
"2023-08-14","15,858,962,241.05","149,226,406.5583","106.2745","106.2745","106.2745"
"2023-08-11","15,845,860,444.46","149,220,181.8361","106.1911","106.1911","106.1911"
"2023-08-10","15,839,110,102.78","149,197,279.5361","106.1622","106.1622","106.1622"
"2023-08-09","15,851,983,120.53","149,361,641.5550","106.1316","106.1316","106.1316"
"2023-08-07","15,837,986,803.07","149,313,523.0850","106.0720","106.0720","106.0720"
"2023-08-04","15,811,311,852.21","149,179,163.8717","105.9887","105.9887","105.9887"
"2023-08-03","15,787,319,071.38","148,993,395.3794","105.9599","105.9599","105.9599"
"2023-08-02","15,748,523,102.90","148,667,727.3965","105.9310","105.9310","105.9310"
"2023-08-01","15,726,923,420.43","148,504,369.2672","105.9021","105.9021","105.9021"
"2023-07-31","15,719,939,145.55","148,483,253.3201","105.8701","105.8701","105.8701"
"2023-07-28","15,680,694,130.07","148,229,194.7804","105.7868","105.7868","105.7868"
"2023-07-27","15,667,995,889.82","148,149,609.3710","105.7579","105.7579","105.7579"
"2023-07-26","15,659,401,461.62","148,108,803.8142","105.7290","105.7290","105.7290"
"2023-07-25","15,659,810,354.47","148,153,152.3451","105.7001","105.7001","105.7001"
"2023-07-24","15,659,846,479.81","148,198,288.7157","105.6682","105.6682","105.6682"
"2023-07-21","15,632,172,197.90","148,053,600.1084","105.5845","105.5845","105.5845"
"2023-07-20","15,614,718,149.51","147,928,828.0064","105.5556","105.5556","105.5556"
"2023-07-19","15,605,935,085.86","147,886,149.0770","105.5267","105.5267","105.5267"
"2023-07-18","15,567,552,281.73","147,562,982.6051","105.4977","105.4977","105.4977"
"2023-07-17","15,558,657,687.97","147,523,503.0714","105.4656","105.4656","105.4656"
"2023-07-14","15,553,902,359.02","147,595,797.5680","105.3817","105.3817","105.3817"
"2023-07-13","15,553,167,152.84","147,629,408.3515","105.3528","105.3528","105.3528"
"2023-07-12","15,528,566,175.40","147,436,513.0755","105.3237","105.3237","105.3237"
"2023-07-11","15,524,780,201.01","147,440,802.6614","105.2950","105.2950","105.2950"
"2023-07-10","15,513,332,988.39","147,377,793.9715","105.2624","105.2624","105.2624"
"2023-07-06","15,442,037,054.82","146,856,509.6521","105.1505","105.1505","105.1505"
"2023-07-05","15,396,587,089.52","146,464,714.4253","105.1215","105.1215","105.1215"
"2023-07-04","15,380,045,382.09","146,352,098.2764","105.0893","105.0893","105.0893"
"2023-07-03","15,376,979,064.06","146,367,143.9028","105.0576","105.0576","105.0576"
"2023-06-30","15,350,267,908.07","146,233,774.4790","104.9707","104.9707","104.9707"
"2023-06-28","15,319,672,715.09","146,035,183.2669","104.9040","104.9040","104.9040"
"2023-06-27","15,308,739,804.12","145,977,170.2264","104.8708","104.8708","104.8708"
"2023-06-26","15,301,943,666.02","145,962,316.8768","104.8349","104.8349","104.8349"
"2023-06-23","15,284,322,683.07","145,905,250.9570","104.7551","104.7551","104.7551"
"2023-06-22","15,280,460,729.78","145,907,369.2310","104.7271","104.7271","104.7271"
"2023-06-21","15,272,691,990.25","145,872,190.1799","104.6991","104.6991","104.6991"
"2023-06-20","15,263,514,664.04","145,823,533.6012","104.6711","104.6711","104.6711"
"2023-06-19","15,253,599,323.31","145,771,503.9015","104.6405","104.6405","104.6405"
"2023-06-16","15,232,480,113.26","145,683,144.2320","104.5590","104.5590","104.5590"
"2023-06-15","15,238,287,072.23","145,777,759.3926","104.5309","104.5309","104.5309"
"2023-06-14","15,231,119,099.35","145,757,565.1725","104.4963","104.4963","104.4963"
"2023-06-13","15,225,314,305.52","145,746,652.8244","104.4642","104.4642","104.4642"
"2023-06-12","15,211,364,927.50","145,650,397.8652","104.4375","104.4375","104.4375"
"2023-06-09","15,192,426,665.12","145,570,068.0139","104.3650","104.3650","104.3650"
"2023-06-08","15,184,648,139.43","145,528,750.0398","104.3412","104.3412","104.3412"
"2023-06-07","15,180,154,304.42","145,520,747.4483","104.3161","104.3161","104.3161"
"2023-06-06","15,171,966,958.29","145,473,649.0713","104.2936","104.2936","104.2936"
"2023-06-05","15,161,050,876.27","145,426,961.2017","104.2520","104.2520","104.2520"
"2023-06-02","15,129,724,546.76","145,221,016.3747","104.1841","104.1841","104.1841"
"2023-06-01","15,117,734,847.06","145,157,436.9514","104.1472","104.1472","104.1472"
"2023-05-31","15,107,092,268.95","145,086,796.5501","104.1245","104.1245","104.1245"
"2023-05-30","15,095,658,546.23","145,028,080.9255","104.0878","104.0878","104.0878"
"2023-05-29","15,089,442,847.78","145,000,613.0245","104.0647","104.0647","104.0647"
"2023-05-26","15,070,920,371.66","144,937,740.4983","103.9820","103.9820","103.9820"
"2023-05-25","15,013,056,667.87","144,419,480.6168","103.9545","103.9545","103.9545"
"2023-05-24","15,005,108,604.44","144,386,274.8489","103.9234","103.9234","103.9234"
"2023-05-23","14,988,607,188.76","144,275,914.7183","103.8885","103.8885","103.8885"
"2023-05-22","14,984,309,558.38","144,271,564.6411","103.8618","103.8618","103.8618"
"2023-05-19","14,966,840,575.02","144,202,142.6232","103.7907","103.7907","103.7907"
"2023-05-18","14,921,268,307.16","143,800,340.9564","103.7638","103.7638","103.7638"
"2023-05-17","14,915,775,394.46","143,779,403.9822","103.7407","103.7407","103.7407"
"2023-05-16","14,895,853,400.73","143,640,419.5528","103.7024","103.7024","103.7024"
"2023-05-15","14,889,581,875.69","143,611,801.6436","103.6794","103.6794","103.6794"
"2023-05-12","14,871,941,452.16","143,540,856.6729","103.6077","103.6077","103.6077"
"2023-05-11","14,866,142,990.73","143,521,492.2820","103.5813","103.5813","103.5813"
"2023-05-10","14,860,596,130.28","143,507,368.1109","103.5528","103.5528","103.5528"
"2023-05-09","14,850,007,829.60","143,449,851.4298","103.5206","103.5206","103.5206"
"2023-05-08","14,840,385,070.79","143,386,057.6893","103.4995","103.4995","103.4995"
"2023-05-05","14,806,276,256.59","143,154,382.8107","103.4287","103.4287","103.4287"
"2023-05-04","14,799,883,511.23","143,126,958.1210","103.4039","103.4039","103.4039"
"2023-05-03","14,794,307,193.37","143,122,970.8566","103.3678","103.3678","103.3678"
"2023-05-02","14,786,969,332.68","143,086,418.3011","103.3429","103.3429","103.3429"
"2023-04-28","14,800,921,479.37","143,338,324.0934","103.2586","103.2586","103.2586"
"2023-04-27","14,788,598,347.12","143,258,602.4082","103.2301","103.2301","103.2301"
"2023-04-25","14,770,452,696.01","143,162,246.3067","103.1728","103.1728","103.1728"
"2023-04-24","14,756,597,822.05","143,057,234.7713","103.1517","103.1517","103.1517"
"2023-04-21","14,737,479,277.67","142,964,949.1085","103.0846","103.0846","103.0846"
"2023-04-20","14,726,864,641.57","142,896,458.6550","103.0597","103.0597","103.0597"
"2023-04-19","14,721,126,322.53","142,895,951.7035","103.0199","103.0199","103.0199"
"2023-04-18","14,711,488,007.52","142,831,726.2480","102.9987","102.9987","102.9987"
"2023-04-17","14,703,398,690.70","142,782,531.9509","102.9776","102.9776","102.9776"
"2023-04-14","14,698,692,738.97","142,835,301.7356","102.9066","102.9066","102.9066"
"2023-04-13","14,699,278,929.73","142,875,556.6852","102.8817","102.8817","102.8817"
"2023-04-12","14,688,435,983.62","142,827,116.8655","102.8407","102.8407","102.8407"
"2023-04-11","14,685,843,154.29","142,836,451.6911","102.8158","102.8158","102.8158"
"2023-04-06","14,642,012,675.09","142,557,211.8833","102.7097","102.7097","102.7097"
"2023-04-05","14,636,273,642.90","142,541,024.8240","102.6811","102.6811","102.6811"
"2023-04-04","14,632,623,293.75","142,550,087.0078","102.6490","102.6490","102.6490"
"2023-04-03","14,641,049,980.87","142,661,652.6416","102.6278","102.6278","102.6278"
"2023-03-31","14,634,005,454.77","142,691,552.3727","102.5569","102.5569","102.5569"
"2023-03-30","14,623,291,523.79","142,630,552.0890","102.5257","102.5257","102.5257"
"2023-03-29","14,580,222,861.59","142,244,007.3787","102.5015","102.5015","102.5015"
"2023-03-28","14,572,450,338.63","142,201,707.3148","102.4773","102.4773","102.4773"
"2023-03-27","14,548,833,864.28","142,024,419.2715","102.4390","102.4390","102.4390"
"2023-03-24","14,514,295,593.28","141,788,178.8064","102.3660","102.3660","102.3660"
"2023-03-23","14,505,744,089.43","141,748,097.1387","102.3347","102.3347","102.3347"
"2023-03-22","14,492,252,522.75","141,654,431.4026","102.3071","102.3071","102.3071"
"2023-03-21","14,486,310,523.43","141,644,750.4225","102.2721","102.2721","102.2721"
"2023-03-20","14,470,102,017.28","141,524,880.7513","102.2442","102.2442","102.2442"
"2023-03-17","14,451,084,776.82","141,444,660.0640","102.1678","102.1678","102.1678"
"2023-03-16","14,443,504,007.00","141,408,737.7871","102.1401","102.1401","102.1401"
"2023-03-15","14,419,289,825.56","141,205,414.0288","102.1157","102.1157","102.1157"
"2023-03-14","14,406,366,693.68","141,130,899.5712","102.0780","102.0780","102.0780"
"2023-03-13","14,402,008,890.09","141,121,980.7444","102.0536","102.0536","102.0536"
"2023-03-10","14,373,479,734.20","140,953,275.2798","101.9734","101.9734","101.9734"
"2023-03-09","14,348,778,493.72","140,744,944.7936","101.9488","101.9488","101.9488"
"2023-03-08","14,334,036,386.80","140,638,860.8770","101.9209","101.9209","101.9209"
"2023-03-07","14,323,494,156.47","140,573,900.5892","101.8930","101.8930","101.8930"
"2023-03-06","14,312,773,944.35","140,520,728.1436","101.8553","101.8553","101.8553"
"2023-03-03","14,284,476,762.33","140,344,767.7370","101.7813","101.7813","101.7813"
"2023-03-02","14,276,827,501.80","140,316,913.8974","101.7470","101.7470","101.7470"
"2023-03-01","14,262,896,151.75","140,241,717.5771","101.7022","101.7022","101.7022"
"2023-02-28","14,249,324,337.24","140,155,052.7852","101.6683","101.6683","101.6683"
"2023-02-27","14,230,595,530.46","140,029,310.5430","101.6258","101.6258","101.6258"
"2023-02-24","14,214,396,089.61","139,949,108.4782","101.5683","101.5683","101.5683"
"2023-02-23","14,201,846,977.59","139,868,933.5811","101.5368","101.5368","101.5368"
"2023-02-22","14,191,674,720.72","139,801,982.4855","101.5127","101.5127","101.5127"
"2023-02-21","14,182,665,218.33","139,752,383.9230","101.4842","101.4842","101.4842"
"2023-02-20","14,176,023,079.44","139,726,030.0669","101.4558","101.4558","101.4558"
"2023-02-17","14,159,968,690.12","139,647,314.0152","101.3981","101.3981","101.3981"
"2023-02-16","14,146,346,459.18","139,539,479.6475","101.3788","101.3788","101.3788"
"2023-02-15","14,117,565,421.34","139,282,108.9743","101.3595","101.3595","101.3595"
"2023-02-14","14,105,764,430.17","139,208,401.0338","101.3284","101.3284","101.3284"
"2023-02-13","14,077,478,691.03","138,964,347.5404","101.3028","101.3028","101.3028"
"2023-02-10","14,043,603,313.18","138,709,786.9557","101.2445","101.2445","101.2445"
"2023-02-09","14,035,960,044.80","138,679,577.9073","101.2114","101.2114","101.2114"
"2023-02-08","14,026,391,636.00","138,647,257.3881","101.1660","101.1660","101.1660"
"2023-02-07","14,020,165,115.00","138,612,364.2422","101.1466","101.1466","101.1466"
"2023-02-06","14,006,325,204.99","138,510,939.6763","101.1207","101.1207","101.1207"
"2023-02-03","13,978,149,952.54","138,311,962.8100","101.0625","101.0625","101.0625"
"2023-02-02","13,955,063,638.56","138,128,011.8391","101.0299","101.0299","101.0299"
"2023-02-01","13,883,113,381.20","137,442,410.3389","101.0104","101.0104","101.0104"
"2023-01-31","13,875,134,373.49","137,388,097.1197","100.9923","100.9923","100.9923"
"2023-01-30","13,861,186,291.50","137,301,110.2900","100.9547","100.9547","100.9547"
"2023-01-27","13,834,977,816.60","137,088,781.6614","100.9198","100.9198","100.9198"
"2023-01-26","13,827,272,983.32","137,036,378.6642","100.9022","100.9022","100.9022"
"2023-01-25","13,816,502,366.00","136,953,709.0098","100.8845","100.8845","100.8845"
"2023-01-24","13,709,168,353.26","135,937,461.7171","100.8491","100.8491","100.8491"
"2023-01-23","13,693,244,842.69","135,810,541.7347","100.8261","100.8261","100.8261"
"2023-01-20","13,673,790,218.48","135,665,462.4348","100.7905","100.7905","100.7905"
"2023-01-19","13,663,654,579.44","135,589,175.4832","100.7725","100.7725","100.7725"
"2023-01-18","13,655,871,553.17","135,536,249.3377","100.7544","100.7544","100.7544"
"2023-01-17","13,604,525,388.82","135,045,513.7012","100.7403","100.7403","100.7403"
"2023-01-16","8,586,271,111.50","85,255,995.9015","100.7116","100.7116","100.7116"
"2023-01-13","8,555,054,108.51","85,013,977.7924","100.6312","100.6312","100.6312"
"2023-01-11","8,537,622,375.07","84,892,301.4691","100.5701","100.5701","100.5701"
"2023-01-10","8,532,748,548.59","84,863,250.4020","100.5471","100.5471","100.5471"
"2023-01-09","8,517,418,511.54","84,734,250.2559","100.5193","100.5193","100.5193"
"2023-01-06","8,502,486,594.05","84,644,355.2702","100.4510","100.4510","100.4510"
"2023-01-05","7,997,211,521.79","79,632,865.4198","100.4260","100.4260","100.4260"
"2023-01-04","7,993,108,954.44","79,610,524.3804","100.4027","100.4027","100.4027"
"2023-01-03","7,990,045,088.66","79,598,992.0582","100.3787","100.3787","100.3787"
"2023-01-02","7,981,489,525.83","79,532,856.5937","100.3546","100.3546","100.3546"
"2023-01-01","7,975,479,319.71","79,485,634.5000","100.3386","100.3386","100.3386"
"2022-11-01","0.00","0.0000","100.0000","100.0000","100.0000"